[
  {
    "name": "officedev-teamsfx-samples-me-query-org-user-with-message-extension-sso",
    "source": "officeDev",
    "title": "Org User Search Connector",
    "shortDescription": "Query Org User with Message Extension SSO.",
    "url": "https://github.com/OfficeDev/TeamsFx-Samples/tree/dev/query-org-user-with-message-extension-sso",
    "longDescription": [
      "This is a simple search-based message extension app demonstrating how to integrate with Bot Framework SDK, TeamsFx SDK and Microsoft Graph API to implement a feature that queries organization's user with single sign on (SSO) capability."
    ],
    "creationDateTime": "2022-09-20",
    "updateDateTime": "2023-10-13",
    "products": [
      "Teams",
      "TeamsToolkit"
    ],
    "metadata": [
      {
        "key": "TEAMS-SAMPLE-SOURCE",
        "value": "OfficeDev"
      },
      {
        "key": "TEAMS-SERVER-LANGUAGE",
        "value": "typescript"
      },
      {
        "key": "TEAMS-FEATURES",
        "value": "message extension"
      }
    ],
    "thumbnails": [
      {
        "type": "image",
        "order": 100,
        "url": "https://raw.githubusercontent.com/OfficeDev/TeamsFx-Samples/dev/query-org-user-with-message-extension-sso/assets/thumbnail.png",
        "alt": "Org User Search Connector"
      }
    ],
    "authors": [
      {
        "gitHubAccount": "wenytang-ms",
        "pictureUrl": "https://avatars.githubusercontent.com/u/75360946?v=4",
        "name": "wenyt"
      }
    ],
    "references": [  
    {
        "name": "Teams developer documentation",
        "url": "https://aka.ms/TeamsPlatformDocs"
      },
      {
        "name": "Teams developer questions",
        "url": "https://aka.ms/TeamsPlatformFeedback"
      },
      {
        "name": "Teams development videos from Microsoft",
        "url": "https://aka.ms/sample-ref-teams-vids-from-microsoft"
      },
      {
        "name": "Teams development videos from the community",
        "url": "https://aka.ms/sample-ref-teams-vids-from-community"
      }
    ]
  }
]